,zip,primary_city,county,state,County#
0,force_zip_str,CITY,COUNTY,IA,0
1,50001,ACKWORTH,Warren,IA,91
2,50002,ADAIR,Guthrie,IA,39
3,50003,ADEL,Dallas,IA,25
4,50005,ALBION,Marshall,IA,64
5,50006,ALDEN,Hardin,IA,42
6,50007,ALLEMAN,Polk,IA,77
7,50008,ALLERTON,Wayne,IA,93
8,50009,ALTOONA,Polk,IA,77
9,50010,AMES,Story,IA,85
10,50011,AMES,Story,IA,85
11,50012,AMES,Story,IA,85
12,50013,AMES,Story,IA,85
13,50014,AMES,Story,IA,85
14,50020,ANITA,Cass,IA,15
15,50021,ANKENY,Polk,IA,77
16,50022,ATLANTIC,Cass,IA,15
17,50023,ANKENY,Polk,IA,77
18,50025,AUDUBON,Audubon,IA,5
19,50026,BAGLEY,Guthrie,IA,39
20,50027,BARNES CITY,Mahaska,IA,62
21,50028,BAXTER,Jasper,IA,50
22,50029,BAYARD,Guthrie,IA,39
23,50031,BEAVER,Boone,IA,8
24,50032,BERWICK,Polk,IA,77
25,50033,BEVINGTON,Warren,IA,91
26,50034,BLAIRSBURG,Hamilton,IA,40
27,50035,BONDURANT,Polk,IA,77
28,50036,BOONE,Boone,IA,8
29,50037,BOONE,Boone,IA,8
30,50038,BOONEVILLE,Dallas,IA,25
31,50039,BOUTON,Dallas,IA,25
32,50040,BOXHOLM,Boone,IA,8
33,50041,BRADFORD,Franklin,IA,35
34,50042,BRAYTON,Audubon,IA,5
35,50043,BUCKEYE,Hardin,IA,42
36,50044,BUSSEY,Marion,IA,63
37,50046,CAMBRIDGE,Story,IA,85
38,50047,CARLISLE,Warren,IA,91
39,50048,CASEY,Guthrie,IA,39
40,50049,CHARITON,Lucas,IA,59
41,50050,CHURDAN,Greene,IA,37
42,50051,CLEMONS,Marshall,IA,64
43,50052,CLIO,Wayne,IA,93
44,50054,COLFAX,Jasper,IA,50
45,50055,COLLINS,Story,IA,85
46,50056,COLO,Story,IA,85
47,50057,COLUMBIA,Marion,IA,63
48,50058,COON RAPIDS,Carroll,IA,14
49,50059,COOPER,Greene,IA,37
50,50060,CORYDON,Wayne,IA,93
51,50061,CUMMING,Warren,IA,91
52,50062,MELCHER-DALLAS,Marion,IA,63
53,50063,DALLAS CENTER,Dallas,IA,25
54,50064,DANA,Greene,IA,37
55,50065,DAVIS CITY,Decatur,IA,27
56,50066,DAWSON,Dallas,IA,25
57,50067,DECATUR,Decatur,IA,27
58,50068,DERBY,Lucas,IA,59
59,50069,DE SOTO,Dallas,IA,25
60,50070,DEXTER,Dallas,IA,25
61,50071,DOWS,Wright,IA,99
62,50072,EARLHAM,Madison,IA,61
63,50073,ELKHART,Polk,IA,77
64,50074,ELLSTON,Ringgold,IA,80
65,50075,ELLSWORTH,Hamilton,IA,40
66,50076,EXIRA,Audubon,IA,5
67,50078,FERGUSON,Marshall,IA,64
68,50099,BOONE,Boone,IA,8
69,50101,GALT,Wright,IA,99
70,50102,GARDEN CITY,Hardin,IA,42
71,50103,GARDEN GROVE,Decatur,IA,27
72,50104,GIBSON,Keokuk,IA,54
73,50105,GILBERT,Story,IA,85
74,50106,GILMAN,Marshall,IA,64
75,50107,GRAND JUNCTION,Greene,IA,37
76,50108,GRAND RIVER,Decatur,IA,27
77,50109,GRANGER,Polk,IA,77
78,50110,GRAY,Audubon,IA,5
79,50111,GRIMES,Polk,IA,77
80,50112,GRINNELL,Poweshiek,IA,79
81,50115,GUTHRIE CENTER,Guthrie,IA,39
82,50116,HAMILTON,Marion,IA,63
83,50117,HAMLIN,Audubon,IA,5
84,50118,HARTFORD,Warren,IA,91
85,50119,HARVEY,Marion,IA,63
86,50120,HAVERHILL,Marshall,IA,64
87,50122,HUBBARD,Hardin,IA,42
88,50123,HUMESTON,Wayne,IA,93
89,50124,HUXLEY,Story,IA,85
90,50125,INDIANOLA,Warren,IA,91
91,50126,IOWA FALLS,Hardin,IA,42
92,50127,IRA,Jasper,IA,50
93,50128,JAMAICA,Guthrie,IA,39
94,50129,JEFFERSON,Greene,IA,37
95,50130,JEWELL,Hamilton,IA,40
96,50131,JOHNSTON,Polk,IA,77
97,50132,KAMRAR,Hamilton,IA,40
98,50133,KELLERTON,Ringgold,IA,80
99,50134,KELLEY,Story,IA,85
100,50135,KELLOGG,Jasper,IA,50
101,50136,KESWICK,Keokuk,IA,54
102,50137,KILLDUFF,Jasper,IA,50
103,50138,KNOXVILLE,Marion,IA,63
104,50139,LACONA,Warren,IA,91
105,50140,LAMONI,Decatur,IA,27
106,50141,LAUREL,Marshall,IA,64
107,50142,LE GRAND,Marshall,IA,64
108,50143,LEIGHTON,Mahaska,IA,62
109,50144,LEON,Decatur,IA,27
110,50145,LIBERTY CENTER,Warren,IA,91
111,50146,LINDEN,Dallas,IA,25
112,50147,LINEVILLE,Wayne,IA,93
113,50148,LISCOMB,Marshall,IA,64
114,50149,LORIMOR,Union,IA,88
115,50150,LOVILIA,Monroe,IA,68
116,50151,LUCAS,Lucas,IA,59
117,50152,LUTHER,Boone,IA,8
118,50153,LYNNVILLE,Jasper,IA,50
119,50154,MC CALLSBURG,Story,IA,85
120,50155,MACKSBURG,Madison,IA,61
121,50156,MADRID,Boone,IA,8
122,50157,MALCOM,Poweshiek,IA,79
123,50158,MARSHALLTOWN,Marshall,IA,64
124,50160,MARTENSDALE,Warren,IA,91
125,50161,MAXWELL,Story,IA,85
126,50162,MELBOURNE,Marshall,IA,64
127,50163,MELCHER-DALLAS,Marion,IA,63
128,50164,MENLO,Guthrie,IA,39
129,50165,MILLERTON,Wayne,IA,93
130,50166,MILO,Warren,IA,91
131,50167,MINBURN,Dallas,IA,25
132,50168,MINGO,Jasper,IA,50
133,50169,MITCHELLVILLE,Polk,IA,77
134,50170,MONROE,Jasper,IA,50
135,50171,MONTEZUMA,Poweshiek,IA,79
136,50173,MONTOUR,Tama,IA,86
137,50174,MURRAY,Clarke,IA,20
138,50201,NEVADA,Story,IA,85
139,50206,NEW PROVIDENCE,Hardin,IA,42
140,50207,NEW SHARON,Mahaska,IA,62
141,50208,NEWTON,Jasper,IA,50
142,50210,NEW VIRGINIA,Warren,IA,91
143,50211,NORWALK,Warren,IA,91
144,50212,OGDEN,Boone,IA,8
145,50213,OSCEOLA,Clarke,IA,20
146,50214,OTLEY,Marion,IA,63
147,50216,PANORA,Guthrie,IA,39
148,50217,PATON,Greene,IA,37
149,50218,PATTERSON,Madison,IA,61
150,50219,PELLA,Marion,IA,63
151,50220,PERRY,Dallas,IA,25
152,50222,PERU,Madison,IA,61
153,50223,PILOT MOUND,Boone,IA,8
154,50225,PLEASANTVILLE,Marion,IA,63
155,50226,POLK CITY,Polk,IA,77
156,50227,POPEJOY,Franklin,IA,35
157,50228,PRAIRIE CITY,Jasper,IA,50
158,50229,PROLE,Warren,IA,91
159,50230,RADCLIFFE,Hardin,IA,42
160,50231,RANDALL,Hamilton,IA,40
161,50232,REASNOR,Jasper,IA,50
162,50233,REDFIELD,Dallas,IA,25
163,50234,RHODES,Marshall,IA,64
164,50235,RIPPEY,Greene,IA,37
165,50236,ROLAND,Story,IA,85
166,50237,RUNNELLS,Polk,IA,77
167,50238,RUSSELL,Lucas,IA,59
168,50239,SAINT ANTHONY,Marshall,IA,64
169,50240,SAINT CHARLES,Madison,IA,61
170,50241,SAINT MARYS,Warren,IA,91
171,50242,SEARSBORO,Poweshiek,IA,79
172,50243,SHELDAHL,Story,IA,85
173,50244,SLATER,Story,IA,85
174,50246,STANHOPE,Hamilton,IA,40
175,50247,STATE CENTER,Marshall,IA,64
176,50248,STORY CITY,Story,IA,85
177,50249,STRATFORD,Hamilton,IA,40
178,50250,STUART,Adair,IA,1
179,50251,SULLY,Jasper,IA,50
180,50252,SWAN,Marion,IA,63
181,50254,THAYER,Union,IA,88
182,50255,THORNBURG,Keokuk,IA,54
183,50256,TRACY,Marion,IA,63
184,50257,TRURO,Madison,IA,61
185,50258,UNION,Hardin,IA,42
186,50259,GIFFORD,Hardin,IA,42
187,50261,VAN METER,Madison,IA,61
188,50262,VAN WERT,Decatur,IA,27
189,50263,WAUKEE,Dallas,IA,25
190,50264,WELDON,Decatur,IA,27
191,50265,WEST DES MOINES,Polk,IA,77
192,50266,WEST DES MOINES,Dallas,IA,25
193,50268,WHAT CHEER,Keokuk,IA,54
194,50269,WHITTEN,Hardin,IA,42
195,50271,WILLIAMS,Hamilton,IA,40
196,50272,WILLIAMSON,Lucas,IA,59
197,50273,WINTERSET,Madison,IA,61
198,50274,WIOTA,Cass,IA,15
199,50275,WOODBURN,Clarke,IA,20
200,50276,WOODWARD,Dallas,IA,25
201,50277,YALE,Guthrie,IA,39
202,50278,ZEARING,Story,IA,85
203,50301,DES MOINES,Polk,IA,77
204,50302,DES MOINES,Polk,IA,77
205,50303,DES MOINES,Polk,IA,77
206,50304,DES MOINES,Polk,IA,77
207,50305,DES MOINES,Polk,IA,77
208,50306,DES MOINES,Polk,IA,77
209,50307,DES MOINES,Polk,IA,77
210,50308,DES MOINES,Polk,IA,77
211,50309,DES MOINES,Polk,IA,77
212,50310,DES MOINES,Polk,IA,77
213,50311,DES MOINES,Polk,IA,77
214,50312,DES MOINES,Polk,IA,77
215,50313,DES MOINES,Polk,IA,77
216,50314,DES MOINES,Polk,IA,77
217,50315,DES MOINES,Polk,IA,77
218,50316,DES MOINES,Polk,IA,77
219,50317,DES MOINES,Polk,IA,77
220,50318,DES MOINES,Polk,IA,77
221,50319,DES MOINES,Polk,IA,77
222,50320,DES MOINES,Polk,IA,77
223,50321,DES MOINES,Polk,IA,77
224,50322,URBANDALE,Polk,IA,77
225,50323,URBANDALE,Dallas,IA,25
226,50324,WINDSOR HEIGHTS,Polk,IA,77
227,50325,CLIVE,Polk,IA,77
228,50327,PLEASANT HILL,Polk,IA,77
229,50328,DES MOINES,Polk,IA,77
230,50329,DES MOINES,Polk,IA,77
231,50330,DES MOINES,Polk,IA,77
232,50331,DES MOINES,Polk,IA,77
233,50332,DES MOINES,Polk,IA,77
234,50333,DES MOINES,Polk,IA,77
235,50334,DES MOINES,Polk,IA,77
236,50335,DES MOINES,Polk,IA,77
237,50336,DES MOINES,Polk,IA,77
238,50339,DES MOINES,Polk,IA,77
239,50340,DES MOINES,Polk,IA,77
240,50347,DES MOINES,Polk,IA,77
241,50359,DES MOINES,Polk,IA,77
242,50360,DES MOINES,Polk,IA,77
243,50361,DES MOINES,Polk,IA,77
244,50362,DES MOINES,Polk,IA,77
245,50363,DES MOINES,Polk,IA,77
246,50364,DES MOINES,Polk,IA,77
247,50367,DES MOINES,Polk,IA,77
248,50368,DES MOINES,Polk,IA,77
249,50369,DES MOINES,Polk,IA,77
250,50380,DES MOINES,Polk,IA,77
251,50381,DES MOINES,Polk,IA,77
252,50391,DES MOINES,Polk,IA,77
253,50392,DES MOINES,Polk,IA,77
254,50393,DES MOINES,Polk,IA,77
255,50394,DES MOINES,Polk,IA,77
256,50395,DES MOINES,Polk,IA,77
257,50396,DES MOINES,Polk,IA,77
258,50397,DES MOINES,Polk,IA,77
259,50398,URBANDALE,Polk,IA,77
260,50401,MASON CITY,Cerro Gordo,IA,17
261,50402,MASON CITY,Cerro Gordo,IA,17
262,50420,ALEXANDER,Franklin,IA,35
263,50421,BELMOND,Wright,IA,99
264,50423,BRITT,Hancock,IA,41
265,50424,BUFFALO CENTER,Winnebago,IA,95
266,50426,CARPENTER,Mitchell,IA,66
267,50427,CHAPIN,Franklin,IA,35
268,50428,CLEAR LAKE,Cerro Gordo,IA,17
269,50430,CORWITH,Hancock,IA,41
270,50431,COULTER,Franklin,IA,35
271,50432,CRYSTAL LAKE,Hancock,IA,41
272,50433,DOUGHERTY,Cerro Gordo,IA,17
273,50434,FERTILE,Worth,IA,98
274,50435,FLOYD,Floyd,IA,34
275,50436,FOREST CITY,Winnebago,IA,95
276,50438,GARNER,Hancock,IA,41
277,50439,GOODELL,Hancock,IA,41
278,50440,GRAFTON,Worth,IA,98
279,50441,HAMPTON,Franklin,IA,35
280,50444,HANLONTOWN,Worth,IA,98
281,50446,JOICE,Worth,IA,98
282,50447,KANAWHA,Hancock,IA,41
283,50448,KENSETT,Worth,IA,98
284,50449,KLEMME,Hancock,IA,41
285,50450,LAKE MILLS,Winnebago,IA,95
286,50451,LAKOTA,Kossuth,IA,55
287,50452,LATIMER,Franklin,IA,35
288,50453,LELAND,Winnebago,IA,95
289,50454,LITTLE CEDAR,Mitchell,IA,66
290,50455,MC INTIRE,Mitchell,IA,66
291,50456,MANLY,Worth,IA,98
292,50457,MESERVEY,Cerro Gordo,IA,17
293,50458,NORA SPRINGS,Floyd,IA,34
294,50459,NORTHWOOD,Worth,IA,98
295,50460,ORCHARD,Mitchell,IA,66
296,50461,OSAGE,Mitchell,IA,66
297,50464,PLYMOUTH,Cerro Gordo,IA,17
298,50465,RAKE,Winnebago,IA,95
299,50466,RICEVILLE,Howard,IA,45
300,50467,ROCK FALLS,Cerro Gordo,IA,17
301,50468,ROCKFORD,Floyd,IA,34
302,50469,ROCKWELL,Cerro Gordo,IA,17
303,50470,ROWAN,Wright,IA,99
304,50471,RUDD,Floyd,IA,34
305,50472,SAINT ANSGAR,Mitchell,IA,66
306,50473,SCARVILLE,Winnebago,IA,95
307,50475,SHEFFIELD,Franklin,IA,35
308,50476,STACYVILLE,Mitchell,IA,66
309,50477,SWALEDALE,Cerro Gordo,IA,17
310,50478,THOMPSON,Winnebago,IA,95
311,50479,THORNTON,Cerro Gordo,IA,17
312,50480,TITONKA,Kossuth,IA,55
313,50481,TOETERVILLE,Mitchell,IA,66
314,50482,VENTURA,Cerro Gordo,IA,17
315,50483,WESLEY,Kossuth,IA,55
316,50484,WODEN,Hancock,IA,41
317,50501,FORT DODGE,Webster,IA,94
318,50510,ALBERT CITY,Buena Vista,IA,11
319,50511,ALGONA,Kossuth,IA,55
320,50514,ARMSTRONG,Emmet,IA,32
321,50515,AYRSHIRE,Palo Alto,IA,74
322,50516,BADGER,Webster,IA,94
323,50517,BANCROFT,Kossuth,IA,55
324,50518,BARNUM,Webster,IA,94
325,50519,BODE,Humboldt,IA,46
326,50520,BRADGATE,Humboldt,IA,46
327,50521,BURNSIDE,Webster,IA,94
328,50522,BURT,Kossuth,IA,55
329,50523,CALLENDER,Webster,IA,94
330,50524,CLARE,Webster,IA,94
331,50525,CLARION,Wright,IA,99
332,50526,CLARION,Wright,IA,99
333,50527,CURLEW,Palo Alto,IA,74
334,50528,CYLINDER,Palo Alto,IA,74
335,50529,DAKOTA CITY,Humboldt,IA,46
336,50530,DAYTON,Webster,IA,94
337,50531,DOLLIVER,Emmet,IA,32
338,50532,DUNCOMBE,Webster,IA,94
339,50533,EAGLE GROVE,Wright,IA,99
340,50535,EARLY,Sac,IA,81
341,50536,EMMETSBURG,Palo Alto,IA,74
342,50538,FARNHAMVILLE,Calhoun,IA,13
343,50539,FENTON,Kossuth,IA,55
344,50540,FONDA,Pocahontas,IA,76
345,50541,GILMORE CITY,Humboldt,IA,46
346,50542,GOLDFIELD,Wright,IA,99
347,50543,GOWRIE,Webster,IA,94
348,50544,HARCOURT,Webster,IA,94
349,50545,HARDY,Humboldt,IA,46
350,50546,HAVELOCK,Pocahontas,IA,76
351,50548,HUMBOLDT,Humboldt,IA,46
352,50551,JOLLEY,Calhoun,IA,13
353,50552,KNIERIM,Calhoun,IA,13
354,50554,LAURENS,Pocahontas,IA,76
355,50556,LEDYARD,Kossuth,IA,55
356,50557,LEHIGH,Webster,IA,94
357,50558,LIVERMORE,Humboldt,IA,46
358,50559,LONE ROCK,Kossuth,IA,55
359,50560,LU VERNE,Kossuth,IA,55
360,50561,LYTTON,Calhoun,IA,13
361,50562,MALLARD,Palo Alto,IA,74
362,50563,MANSON,Calhoun,IA,13
363,50565,MARATHON,Buena Vista,IA,11
364,50566,MOORLAND,Webster,IA,94
365,50567,NEMAHA,Sac,IA,81
366,50568,NEWELL,Buena Vista,IA,11
367,50569,OTHO,Webster,IA,94
368,50570,OTTOSEN,Humboldt,IA,46
369,50571,PALMER,Pocahontas,IA,76
370,50573,PLOVER,Pocahontas,IA,76
371,50574,POCAHONTAS,Pocahontas,IA,76
372,50575,POMEROY,Calhoun,IA,13
373,50576,REMBRANDT,Buena Vista,IA,11
374,50577,RENWICK,Humboldt,IA,46
375,50578,RINGSTED,Emmet,IA,32
376,50579,ROCKWELL CITY,Calhoun,IA,13
377,50581,ROLFE,Pocahontas,IA,76
378,50582,RUTLAND,Humboldt,IA,46
379,50583,SAC CITY,Sac,IA,81
380,50585,SIOUX RAPIDS,Buena Vista,IA,11
381,50586,SOMERS,Calhoun,IA,13
382,50588,STORM LAKE,Buena Vista,IA,11
383,50590,SWEA CITY,Kossuth,IA,55
384,50591,THOR,Humboldt,IA,46
385,50592,TRUESDALE,Buena Vista,IA,11
386,50593,VARINA,Pocahontas,IA,76
387,50594,VINCENT,Webster,IA,94
388,50595,WEBSTER CITY,Hamilton,IA,40
389,50597,WEST BEND,Palo Alto,IA,74
390,50598,WHITTEMORE,Kossuth,IA,55
391,50599,WOOLSTOCK,Wright,IA,99
392,50601,ACKLEY,Franklin,IA,35
393,50602,ALLISON,Butler,IA,12
394,50603,ALTA VISTA,Chickasaw,IA,19
395,50604,APLINGTON,Butler,IA,12
396,50605,AREDALE,Butler,IA,12
397,50606,ARLINGTON,Fayette,IA,33
398,50607,AURORA,Buchanan,IA,10
399,50608,AUSTINVILLE,Butler,IA,12
400,50609,BEAMAN,Grundy,IA,38
401,50611,BRISTOW,Butler,IA,12
402,50612,BUCKINGHAM,Tama,IA,86
403,50613,CEDAR FALLS,Black Hawk,IA,7
404,50614,CEDAR FALLS,Black Hawk,IA,7
405,50616,CHARLES CITY,Floyd,IA,34
406,50619,CLARKSVILLE,Butler,IA,12
407,50620,COLWELL,Floyd,IA,34
408,50621,CONRAD,Grundy,IA,38
409,50622,DENVER,Bremer,IA,9
410,50623,DEWAR,Black Hawk,IA,7
411,50624,DIKE,Grundy,IA,38
412,50625,DUMONT,Butler,IA,12
413,50626,DUNKERTON,Black Hawk,IA,7
414,50627,ELDORA,Hardin,IA,42
415,50628,ELMA,Howard,IA,45
416,50629,FAIRBANK,Buchanan,IA,10
417,50630,FREDERICKSBURG,Chickasaw,IA,19
418,50631,FREDERIKA,Bremer,IA,9
419,50632,GARWIN,Tama,IA,86
420,50633,GENEVA,Franklin,IA,35
421,50634,GILBERTVILLE,Black Hawk,IA,7
422,50635,GLADBROOK,Tama,IA,86
423,50636,GREENE,Butler,IA,12
424,50638,GRUNDY CENTER,Grundy,IA,38
425,50641,HAZLETON,Buchanan,IA,10
426,50642,HOLLAND,Grundy,IA,38
427,50643,HUDSON,Black Hawk,IA,7
428,50644,INDEPENDENCE,Buchanan,IA,10
429,50645,IONIA,Chickasaw,IA,19
430,50647,JANESVILLE,Bremer,IA,9
431,50648,JESUP,Black Hawk,IA,7
432,50649,KESLEY,Butler,IA,12
433,50650,LAMONT,Buchanan,IA,10
434,50651,LA PORTE CITY,Black Hawk,IA,7
435,50652,LINCOLN,Tama,IA,86
436,50653,MARBLE ROCK,Floyd,IA,34
437,50654,MASONVILLE,Delaware,IA,28
438,50655,MAYNARD,Fayette,IA,33
439,50657,MORRISON,Grundy,IA,38
440,50658,NASHUA,Chickasaw,IA,19
441,50659,NEW HAMPTON,Chickasaw,IA,19
442,50660,NEW HARTFORD,Butler,IA,12
443,50661,NORTH WASHINGTON,Chickasaw,IA,19
444,50662,OELWEIN,Fayette,IA,33
445,50664,ORAN,Fayette,IA,33
446,50665,PARKERSBURG,Butler,IA,12
447,50666,PLAINFIELD,Bremer,IA,9
448,50667,RAYMOND,Black Hawk,IA,7
449,50668,READLYN,Bremer,IA,9
450,50669,REINBECK,Grundy,IA,38
451,50670,SHELL ROCK,Butler,IA,12
452,50671,STANLEY,Buchanan,IA,10
453,50672,STEAMBOAT ROCK,Hardin,IA,42
454,50673,STOUT,Grundy,IA,38
455,50674,SUMNER,Bremer,IA,9
456,50675,TRAER,Tama,IA,86
457,50676,TRIPOLI,Bremer,IA,9
458,50677,WAVERLY,Bremer,IA,9
459,50680,WELLSBURG,Grundy,IA,38
460,50681,WESTGATE,Fayette,IA,33
461,50682,WINTHROP,Buchanan,IA,10
462,50701,WATERLOO,Black Hawk,IA,7
463,50702,WATERLOO,Black Hawk,IA,7
464,50703,WATERLOO,Black Hawk,IA,7
465,50704,WATERLOO,Black Hawk,IA,7
466,50706,WATERLOO,Black Hawk,IA,7
467,50707,EVANSDALE,Black Hawk,IA,7
468,50801,CRESTON,Union,IA,88
469,50830,AFTON,Union,IA,88
470,50831,ARISPE,Union,IA,88
471,50833,BEDFORD,Taylor,IA,87
472,50835,BENTON,Ringgold,IA,80
473,50836,BLOCKTON,Taylor,IA,87
474,50837,BRIDGEWATER,Adair,IA,1
475,50839,CARBON,Adams,IA,2
476,50840,CLEARFIELD,Taylor,IA,87
477,50841,CORNING,Adams,IA,2
478,50842,CROMWELL,Union,IA,88
479,50843,CUMBERLAND,Cass,IA,15
480,50845,DIAGONAL,Ringgold,IA,80
481,50846,FONTANELLE,Adair,IA,1
482,50847,GRANT,Montgomery,IA,69
483,50848,GRAVITY,Taylor,IA,87
484,50849,GREENFIELD,Adair,IA,1
485,50851,LENOX,Taylor,IA,87
486,50853,MASSENA,Cass,IA,15
487,50854,MOUNT AYR,Ringgold,IA,80
488,50857,NODAWAY,Adams,IA,2
489,50858,ORIENT,Adair,IA,1
490,50859,PRESCOTT,Adams,IA,2
491,50860,REDDING,Ringgold,IA,80
492,50861,SHANNON CITY,Union,IA,88
493,50862,SHARPSBURG,Taylor,IA,87
494,50863,TINGLEY,Ringgold,IA,80
495,50864,VILLISCA,Montgomery,IA,69
496,50936,DES MOINES,Polk,IA,77
497,50940,DES MOINES,Polk,IA,77
498,50947,DES MOINES,Polk,IA,77
499,50950,DES MOINES,Polk,IA,77
500,50980,DES MOINES,Polk,IA,77
501,50981,DES MOINES,Polk,IA,77
502,50982,DES MOINES,Polk,IA,77
503,50983,DES MOINES,Polk,IA,77
504,51001,AKRON,Plymouth,IA,75
505,51002,ALTA,Buena Vista,IA,11
506,51003,ALTON,Sioux,IA,84
507,51004,ANTHON,Woodbury,IA,97
508,51005,AURELIA,Cherokee,IA,18
509,51006,BATTLE CREEK,Ida,IA,47
510,51007,BRONSON,Woodbury,IA,97
511,51008,BRUNSVILLE,Plymouth,IA,75
512,51009,CALUMET,Obrien,IA,71
513,51010,CASTANA,Monona,IA,67
514,51011,CHATSWORTH,Sioux,IA,84
515,51012,CHEROKEE,Cherokee,IA,18
516,51014,CLEGHORN,Cherokee,IA,18
517,51015,CLIMBING HILL,Woodbury,IA,97
518,51016,CORRECTIONVILLE,Woodbury,IA,97
519,51018,CUSHING,Woodbury,IA,97
520,51019,DANBURY,Woodbury,IA,97
521,51020,GALVA,Ida,IA,47
522,51022,GRANVILLE,Sioux,IA,84
523,51023,HAWARDEN,Sioux,IA,84
524,51024,HINTON,Plymouth,IA,75
525,51025,HOLSTEIN,Ida,IA,47
526,51026,HORNICK,Woodbury,IA,97
527,51027,IRETON,Sioux,IA,84
528,51028,KINGSLEY,Plymouth,IA,75
529,51029,LARRABEE,Cherokee,IA,18
530,51030,LAWTON,Woodbury,IA,97
531,51031,LE MARS,Plymouth,IA,75
532,51033,LINN GROVE,Buena Vista,IA,11
533,51034,MAPLETON,Monona,IA,67
534,51035,MARCUS,Cherokee,IA,18
535,51036,MAURICE,Sioux,IA,84
536,51037,MERIDEN,Cherokee,IA,18
537,51038,MERRILL,Plymouth,IA,75
538,51039,MOVILLE,Woodbury,IA,97
539,51040,ONAWA,Monona,IA,67
540,51041,ORANGE CITY,Sioux,IA,84
541,51044,OTO,Woodbury,IA,97
542,51045,OYENS,Plymouth,IA,75
543,51046,PAULLINA,Obrien,IA,71
544,51047,PETERSON,Clay,IA,21
545,51048,PIERSON,Woodbury,IA,97
546,51049,QUIMBY,Cherokee,IA,18
547,51050,REMSEN,Plymouth,IA,75
548,51051,RODNEY,Monona,IA,67
549,51052,SALIX,Woodbury,IA,97
550,51053,SCHALLER,Sac,IA,81
551,51054,SERGEANT BLUFF,Woodbury,IA,97
552,51055,SLOAN,Woodbury,IA,97
553,51056,SMITHLAND,Woodbury,IA,97
554,51058,SUTHERLAND,Obrien,IA,71
555,51060,UTE,Monona,IA,67
556,51061,WASHTA,Cherokee,IA,18
557,51062,WESTFIELD,Plymouth,IA,75
558,51063,WHITING,Monona,IA,67
559,51101,SIOUX CITY,Woodbury,IA,97
560,51102,SIOUX CITY,Woodbury,IA,97
561,51103,SIOUX CITY,Woodbury,IA,97
562,51104,SIOUX CITY,Woodbury,IA,97
563,51105,SIOUX CITY,Woodbury,IA,97
564,51106,SIOUX CITY,Woodbury,IA,97
565,51108,SIOUX CITY,Woodbury,IA,97
566,51109,SIOUX CITY,Woodbury,IA,97
567,51111,SIOUX CITY,Woodbury,IA,97
568,51201,SHELDON,Obrien,IA,71
569,51230,ALVORD,Lyon,IA,60
570,51231,ARCHER,Obrien,IA,71
571,51232,ASHTON,Osceola,IA,72
572,51234,BOYDEN,Sioux,IA,84
573,51235,DOON,Lyon,IA,60
574,51237,GEORGE,Lyon,IA,60
575,51238,HOSPERS,Sioux,IA,84
576,51239,HULL,Sioux,IA,84
577,51240,INWOOD,Lyon,IA,60
578,51241,LARCHWOOD,Lyon,IA,60
579,51242,LESTER,Lyon,IA,60
580,51243,LITTLE ROCK,Lyon,IA,60
581,51244,MATLOCK,Sioux,IA,84
582,51245,PRIMGHAR,Obrien,IA,71
583,51246,ROCK RAPIDS,Lyon,IA,60
584,51247,ROCK VALLEY,Sioux,IA,84
585,51248,SANBORN,Obrien,IA,71
586,51249,SIBLEY,Osceola,IA,72
587,51250,SIOUX CENTER,Sioux,IA,84
588,51301,SPENCER,Clay,IA,21
589,51331,ARNOLDS PARK,Dickinson,IA,30
590,51333,DICKENS,Clay,IA,21
591,51334,ESTHERVILLE,Emmet,IA,32
592,51338,EVERLY,Clay,IA,21
593,51340,FOSTORIA,Clay,IA,21
594,51341,GILLETT GROVE,Clay,IA,21
595,51342,GRAETTINGER,Palo Alto,IA,74
596,51343,GREENVILLE,Clay,IA,21
597,51344,GRUVER,Emmet,IA,32
598,51345,HARRIS,Osceola,IA,72
599,51346,HARTLEY,Obrien,IA,71
600,51347,LAKE PARK,Dickinson,IA,30
601,51350,MELVIN,Osceola,IA,72
602,51351,MILFORD,Dickinson,IA,30
603,51354,OCHEYEDAN,Osceola,IA,72
604,51355,OKOBOJI,Dickinson,IA,30
605,51357,ROYAL,Clay,IA,21
606,51358,RUTHVEN,Palo Alto,IA,74
607,51360,SPIRIT LAKE,Dickinson,IA,30
608,51363,SUPERIOR,Dickinson,IA,30
609,51364,TERRIL,Dickinson,IA,30
610,51365,WALLINGFORD,Emmet,IA,32
611,51366,WEBB,Clay,IA,21
612,51401,CARROLL,Carroll,IA,14
613,51430,ARCADIA,Carroll,IA,14
614,51431,ARTHUR,Ida,IA,47
615,51432,ASPINWALL,Crawford,IA,24
616,51433,AUBURN,Sac,IA,81
617,51436,BREDA,Carroll,IA,14
618,51439,CHARTER OAK,Crawford,IA,24
619,51440,DEDHAM,Carroll,IA,14
620,51441,DELOIT,Crawford,IA,24
621,51442,DENISON,Crawford,IA,24
622,51443,GLIDDEN,Carroll,IA,14
623,51444,HALBUR,Carroll,IA,14
624,51445,IDA GROVE,Ida,IA,47
625,51446,IRWIN,Shelby,IA,83
626,51447,KIRKMAN,Shelby,IA,83
627,51448,KIRON,Crawford,IA,24
628,51449,LAKE CITY,Calhoun,IA,13
629,51450,LAKE VIEW,Sac,IA,81
630,51451,LANESBORO,Carroll,IA,14
631,51452,LIDDERDALE,Carroll,IA,14
632,51453,LOHRVILLE,Calhoun,IA,13
633,51454,MANILLA,Crawford,IA,24
634,51455,MANNING,Carroll,IA,14
635,51458,ODEBOLT,Sac,IA,81
636,51459,RALSTON,Carroll,IA,14
637,51460,RICKETTS,Crawford,IA,24
638,51461,SCHLESWIG,Crawford,IA,24
639,51462,SCRANTON,Greene,IA,37
640,51463,TEMPLETON,Carroll,IA,14
641,51465,VAIL,Crawford,IA,24
642,51466,WALL LAKE,Sac,IA,81
643,51467,WESTSIDE,Crawford,IA,24
644,51501,COUNCIL BLUFFS,Pottawattamie,IA,78
645,51502,COUNCIL BLUFFS,Pottawattamie,IA,78
646,51503,COUNCIL BLUFFS,Pottawattamie,IA,78
647,51510,CARTER LAKE,Pottawattamie,IA,78
648,51520,ARION,Crawford,IA,24
649,51521,AVOCA,Pottawattamie,IA,78
650,51523,BLENCOE,Monona,IA,67
651,51525,CARSON,Pottawattamie,IA,78
652,51526,CRESCENT,Pottawattamie,IA,78
653,51527,DEFIANCE,Shelby,IA,83
654,51528,DOW CITY,Crawford,IA,24
655,51529,DUNLAP,Harrison,IA,43
656,51530,EARLING,Shelby,IA,83
657,51531,ELK HORN,Shelby,IA,83
658,51532,ELLIOTT,Montgomery,IA,69
659,51533,EMERSON,Mills,IA,65
660,51534,GLENWOOD,Mills,IA,65
661,51535,GRISWOLD,Cass,IA,15
662,51536,HANCOCK,Pottawattamie,IA,78
663,51537,HARLAN,Shelby,IA,83
664,51540,HASTINGS,Mills,IA,65
665,51541,HENDERSON,Mills,IA,65
666,51542,HONEY CREEK,Pottawattamie,IA,78
667,51543,KIMBALLTON,Audubon,IA,5
668,51544,LEWIS,Cass,IA,15
669,51545,LITTLE SIOUX,Harrison,IA,43
670,51546,LOGAN,Harrison,IA,43
671,51548,MC CLELLAND,Pottawattamie,IA,78
672,51549,MACEDONIA,Pottawattamie,IA,78
673,51550,MAGNOLIA,Harrison,IA,43
674,51551,MALVERN,Mills,IA,65
675,51552,MARNE,Cass,IA,15
676,51553,MINDEN,Pottawattamie,IA,78
677,51554,MINEOLA,Mills,IA,65
678,51555,MISSOURI VALLEY,Harrison,IA,43
679,51556,MODALE,Harrison,IA,43
680,51557,MONDAMIN,Harrison,IA,43
681,51558,MOORHEAD,Monona,IA,67
682,51559,NEOLA,Pottawattamie,IA,78
683,51560,OAKLAND,Pottawattamie,IA,78
684,51561,PACIFIC JUNCTION,Mills,IA,65
685,51562,PANAMA,Shelby,IA,83
686,51563,PERSIA,Harrison,IA,43
687,51564,PISGAH,Harrison,IA,43
688,51565,PORTSMOUTH,Shelby,IA,83
689,51566,RED OAK,Montgomery,IA,69
690,51570,SHELBY,Shelby,IA,83
691,51571,SILVER CITY,Mills,IA,65
692,51572,SOLDIER,Monona,IA,67
693,51573,STANTON,Montgomery,IA,69
694,51575,TREYNOR,Pottawattamie,IA,78
695,51576,UNDERWOOD,Pottawattamie,IA,78
696,51577,WALNUT,Pottawattamie,IA,78
697,51578,WESTPHALIA,Shelby,IA,83
698,51579,WOODBINE,Harrison,IA,43
699,51591,RED OAK,Montgomery,IA,69
700,51593,HARLAN,Shelby,IA,83
701,51601,SHENANDOAH,Page,IA,73
702,51602,SHENANDOAH,Page,IA,73
703,51603,SHENANDOAH,Page,IA,73
704,51630,BLANCHARD,Page,IA,73
705,51631,BRADDYVILLE,Page,IA,73
706,51632,CLARINDA,Page,IA,73
707,51636,COIN,Page,IA,73
708,51637,COLLEGE SPRINGS,Page,IA,73
709,51638,ESSEX,Page,IA,73
710,51639,FARRAGUT,Fremont,IA,36
711,51640,HAMBURG,Fremont,IA,36
712,51645,IMOGENE,Fremont,IA,36
713,51646,NEW MARKET,Taylor,IA,87
714,51647,NORTHBORO,Page,IA,73
715,51648,PERCIVAL,Fremont,IA,36
716,51649,RANDOLPH,Fremont,IA,36
717,51650,RIVERTON,Fremont,IA,36
718,51651,SHAMBAUGH,Page,IA,73
719,51652,SIDNEY,Fremont,IA,36
720,51653,TABOR,Fremont,IA,36
721,51654,THURMAN,Fremont,IA,36
722,51656,YORKTOWN,Page,IA,73
723,52001,DUBUQUE,Dubuque,IA,31
724,52002,DUBUQUE,Dubuque,IA,31
725,52003,DUBUQUE,Dubuque,IA,31
726,52004,DUBUQUE,Dubuque,IA,31
727,52030,ANDREW,Jackson,IA,49
728,52031,BELLEVUE,Jackson,IA,49
729,52032,BERNARD,Jackson,IA,49
730,52033,CASCADE,Jones,IA,53
731,52035,COLESBURG,Clayton,IA,22
732,52036,DELAWARE,Delaware,IA,28
733,52037,DELMAR,Clinton,IA,23
734,52038,DUNDEE,Delaware,IA,28
735,52039,DURANGO,Dubuque,IA,31
736,52040,DYERSVILLE,Dubuque,IA,31
737,52041,EARLVILLE,Delaware,IA,28
738,52042,EDGEWOOD,Clayton,IA,22
739,52043,ELKADER,Clayton,IA,22
740,52044,ELKPORT,Clayton,IA,22
741,52045,EPWORTH,Dubuque,IA,31
742,52046,FARLEY,Dubuque,IA,31
743,52047,FARMERSBURG,Clayton,IA,22
744,52048,GARBER,Clayton,IA,22
745,52049,GARNAVILLO,Clayton,IA,22
746,52050,GREELEY,Delaware,IA,28
747,52052,GUTTENBERG,Clayton,IA,22
748,52053,HOLY CROSS,Dubuque,IA,31
749,52054,LA MOTTE,Jackson,IA,49
750,52056,LUXEMBURG,Dubuque,IA,31
751,52057,MANCHESTER,Delaware,IA,28
752,52060,MAQUOKETA,Jackson,IA,49
753,52064,MILES,Jackson,IA,49
754,52065,NEW VIENNA,Dubuque,IA,31
755,52066,NORTH BUENA VISTA,Clayton,IA,22
756,52068,PEOSTA,Dubuque,IA,31
757,52069,PRESTON,Jackson,IA,49
758,52070,SABULA,Jackson,IA,49
759,52071,SAINT DONATUS,Jackson,IA,49
760,52072,SAINT OLAF,Clayton,IA,22
761,52073,SHERRILL,Dubuque,IA,31
762,52074,SPRAGUEVILLE,Jackson,IA,49
763,52075,SPRINGBROOK,Jackson,IA,49
764,52076,STRAWBERRY POINT,Clayton,IA,22
765,52077,VOLGA,Clayton,IA,22
766,52078,WORTHINGTON,Dubuque,IA,31
767,52079,ZWINGLE,Jackson,IA,49
768,52099,DUBUQUE,Dubuque,IA,31
769,52101,DECORAH,Winneshiek,IA,96
770,52132,CALMAR,Winneshiek,IA,96
771,52133,CASTALIA,Winneshiek,IA,96
772,52134,CHESTER,Howard,IA,45
773,52135,CLERMONT,Fayette,IA,33
774,52136,CRESCO,Howard,IA,45
775,52140,DORCHESTER,Allamakee,IA,3
776,52141,ELGIN,Fayette,IA,33
777,52142,FAYETTE,Fayette,IA,33
778,52144,FORT ATKINSON,Winneshiek,IA,96
779,52146,HARPERS FERRY,Allamakee,IA,3
780,52147,HAWKEYE,Fayette,IA,33
781,52149,HIGHLANDVILLE,Winneshiek,IA,96
782,52151,LANSING,Allamakee,IA,3
783,52154,LAWLER,Chickasaw,IA,19
784,52155,LIME SPRINGS,Howard,IA,45
785,52156,LUANA,Clayton,IA,22
786,52157,MC GREGOR,Clayton,IA,22
787,52158,MARQUETTE,Clayton,IA,22
788,52159,MONONA,Clayton,IA,22
789,52160,NEW ALBIN,Allamakee,IA,3
790,52161,OSSIAN,Winneshiek,IA,96
791,52162,POSTVILLE,Allamakee,IA,3
792,52163,PROTIVIN,Howard,IA,45
793,52164,RANDALIA,Fayette,IA,33
794,52165,RIDGEWAY,Winneshiek,IA,96
795,52166,SAINT LUCAS,Fayette,IA,33
796,52168,SPILLVILLE,Winneshiek,IA,96
797,52169,WADENA,Fayette,IA,33
798,52170,WATERVILLE,Allamakee,IA,3
799,52171,WAUCOMA,Fayette,IA,33
800,52172,WAUKON,Allamakee,IA,3
801,52175,WEST UNION,Fayette,IA,33
802,52201,AINSWORTH,Washington,IA,92
803,52202,ALBURNETT,Linn,IA,57
804,52203,AMANA,Iowa,IA,48
805,52204,AMANA,Iowa,IA,48
806,52205,ANAMOSA,Jones,IA,53
807,52206,ATKINS,Benton,IA,6
808,52207,BALDWIN,Jackson,IA,49
809,52208,BELLE PLAINE,Benton,IA,6
810,52209,BLAIRSTOWN,Benton,IA,6
811,52210,BRANDON,Buchanan,IA,10
812,52211,BROOKLYN,Poweshiek,IA,79
813,52212,CENTER JUNCTION,Jones,IA,53
814,52213,CENTER POINT,Linn,IA,57
815,52214,CENTRAL CITY,Linn,IA,57
816,52215,CHELSEA,Tama,IA,86
817,52216,CLARENCE,Cedar,IA,16
818,52217,CLUTIER,Tama,IA,86
819,52218,COGGON,Linn,IA,57
820,52219,PRAIRIEBURG,Linn,IA,57
821,52220,CONROY,Iowa,IA,48
822,52221,GUERNSEY,Poweshiek,IA,79
823,52222,DEEP RIVER,Poweshiek,IA,79
824,52223,DELHI,Delaware,IA,28
825,52224,DYSART,Tama,IA,86
826,52225,ELBERON,Tama,IA,86
827,52227,ELY,Linn,IA,57
828,52228,FAIRFAX,Linn,IA,57
829,52229,GARRISON,Benton,IA,6
830,52231,HARPER,Keokuk,IA,54
831,52232,HARTWICK,Poweshiek,IA,79
832,52233,HIAWATHA,Linn,IA,57
833,52235,HILLS,Johnson,IA,52
834,52236,HOMESTEAD,Iowa,IA,48
835,52237,HOPKINTON,Delaware,IA,28
836,52240,IOWA CITY,Johnson,IA,52
837,52241,CORALVILLE,Johnson,IA,52
838,52242,IOWA CITY,Johnson,IA,52
839,52243,IOWA CITY,Johnson,IA,52
840,52244,IOWA CITY,Johnson,IA,52
841,52245,IOWA CITY,Johnson,IA,52
842,52246,IOWA CITY,Johnson,IA,52
843,52247,KALONA,Washington,IA,92
844,52248,KEOTA,Washington,IA,92
845,52249,KEYSTONE,Benton,IA,6
846,52251,LADORA,Iowa,IA,48
847,52252,LANGWORTHY,Jones,IA,53
848,52253,LISBON,Linn,IA,57
849,52254,LOST NATION,Clinton,IA,23
850,52255,LOWDEN,Cedar,IA,16
851,52257,LUZERNE,Benton,IA,6
852,52301,MARENGO,Iowa,IA,48
853,52302,MARION,Linn,IA,57
854,52305,MARTELLE,Jones,IA,53
855,52306,MECHANICSVILLE,Cedar,IA,16
856,52307,MIDDLE AMANA,Iowa,IA,48
857,52308,MILLERSBURG,Iowa,IA,48
858,52309,MONMOUTH,Jackson,IA,49
859,52310,MONTICELLO,Jones,IA,53
860,52312,MORLEY,Jones,IA,53
861,52313,MOUNT AUBURN,Benton,IA,6
862,52314,MOUNT VERNON,Linn,IA,57
863,52315,NEWHALL,Benton,IA,6
864,52316,NORTH ENGLISH,Iowa,IA,48
865,52317,NORTH LIBERTY,Johnson,IA,52
866,52318,NORWAY,Benton,IA,6
867,52319,OAKDALE,Johnson,IA,52
868,52320,OLIN,Jones,IA,53
869,52321,ONSLOW,Jones,IA,53
870,52322,OXFORD,Johnson,IA,52
871,52323,OXFORD JUNCTION,Jones,IA,53
872,52324,PALO,Linn,IA,57
873,52325,PARNELL,Iowa,IA,48
874,52326,QUASQUETON,Buchanan,IA,10
875,52327,RIVERSIDE,Washington,IA,92
876,52328,ROBINS,Linn,IA,57
877,52329,ROWLEY,Buchanan,IA,10
878,52330,RYAN,Delaware,IA,28
879,52332,SHELLSBURG,Benton,IA,6
880,52333,SOLON,Johnson,IA,52
881,52334,SOUTH AMANA,Iowa,IA,48
882,52335,SOUTH ENGLISH,Keokuk,IA,54
883,52336,SPRINGVILLE,Linn,IA,57
884,52337,STANWOOD,Cedar,IA,16
885,52338,SWISHER,Johnson,IA,52
886,52339,TAMA,Tama,IA,86
887,52340,TIFFIN,Johnson,IA,52
888,52341,TODDVILLE,Linn,IA,57
889,52342,TOLEDO,Tama,IA,86
890,52344,TROY MILLS,Linn,IA,57
891,52345,URBANA,Benton,IA,6
892,52346,VAN HORNE,Benton,IA,6
893,52347,VICTOR,Iowa,IA,48
894,52348,VINING,Tama,IA,86
895,52349,VINTON,Benton,IA,6
896,52350,VIOLA,Linn,IA,57
897,52351,WALFORD,Benton,IA,6
898,52352,WALKER,Linn,IA,57
899,52353,WASHINGTON,Washington,IA,92
900,52354,WATKINS,Benton,IA,6
901,52355,WEBSTER,Keokuk,IA,54
902,52356,WELLMAN,Washington,IA,92
903,52358,WEST BRANCH,Cedar,IA,16
904,52359,WEST CHESTER,Washington,IA,92
905,52361,WILLIAMSBURG,Iowa,IA,48
906,52362,WYOMING,Jones,IA,53
907,52401,CEDAR RAPIDS,Linn,IA,57
908,52402,CEDAR RAPIDS,Linn,IA,57
909,52403,CEDAR RAPIDS,Linn,IA,57
910,52404,CEDAR RAPIDS,Linn,IA,57
911,52405,CEDAR RAPIDS,Linn,IA,57
912,52406,CEDAR RAPIDS,Linn,IA,57
913,52407,CEDAR RAPIDS,Linn,IA,57
914,52408,CEDAR RAPIDS,Linn,IA,57
915,52409,CEDAR RAPIDS,Linn,IA,57
916,52410,CEDAR RAPIDS,Linn,IA,57
917,52411,CEDAR RAPIDS,Linn,IA,57
918,52497,CEDAR RAPIDS,Linn,IA,57
919,52498,CEDAR RAPIDS,Linn,IA,57
920,52499,CEDAR RAPIDS,Linn,IA,57
921,52501,OTTUMWA,Wapello,IA,90
922,52530,AGENCY,Wapello,IA,90
923,52531,ALBIA,Monroe,IA,68
924,52533,BATAVIA,Jefferson,IA,51
925,52534,BEACON,Mahaska,IA,62
926,52535,BIRMINGHAM,Van Buren,IA,89
927,52536,BLAKESBURG,Wapello,IA,90
928,52537,BLOOMFIELD,Davis,IA,26
929,52538,WEST GROVE,Davis,IA,26
930,52540,BRIGHTON,Jefferson,IA,51
931,52542,CANTRIL,Van Buren,IA,89
932,52543,CEDAR,Mahaska,IA,62
933,52544,CENTERVILLE,Appanoose,IA,4
934,52548,CHILLICOTHE,Wapello,IA,90
935,52549,CINCINNATI,Appanoose,IA,4
936,52550,DELTA,Keokuk,IA,54
937,52551,DOUDS,Van Buren,IA,89
938,52552,DRAKESVILLE,Davis,IA,26
939,52553,EDDYVILLE,Wapello,IA,90
940,52554,ELDON,Wapello,IA,90
941,52555,EXLINE,Appanoose,IA,4
942,52556,FAIRFIELD,Jefferson,IA,51
943,52557,FAIRFIELD,Jefferson,IA,51
944,52560,FLORIS,Davis,IA,26
945,52561,FREMONT,Mahaska,IA,62
946,52562,HAYESVILLE,Keokuk,IA,54
947,52563,HEDRICK,Keokuk,IA,54
948,52565,KEOSAUQUA,Van Buren,IA,89
949,52566,KIRKVILLE,Wapello,IA,90
950,52567,LIBERTYVILLE,Jefferson,IA,51
951,52568,MARTINSBURG,Keokuk,IA,54
952,52569,MELROSE,Monroe,IA,68
953,52570,MILTON,Van Buren,IA,89
954,52571,MORAVIA,Appanoose,IA,4
955,52572,MOULTON,Appanoose,IA,4
956,52573,MOUNT STERLING,Van Buren,IA,89
957,52574,MYSTIC,Appanoose,IA,4
958,52576,OLLIE,Keokuk,IA,54
959,52577,OSKALOOSA,Mahaska,IA,62
960,52580,PACKWOOD,Jefferson,IA,51
961,52581,PLANO,Appanoose,IA,4
962,52583,PROMISE CITY,Wayne,IA,93
963,52584,PULASKI,Davis,IA,26
964,52585,RICHLAND,Keokuk,IA,54
965,52586,ROSE HILL,Mahaska,IA,62
966,52588,SELMA,Van Buren,IA,89
967,52590,SEYMOUR,Wayne,IA,93
968,52591,SIGOURNEY,Keokuk,IA,54
969,52593,UDELL,Appanoose,IA,4
970,52594,UNIONVILLE,Appanoose,IA,4
971,52595,UNIVERSITY PARK,Mahaska,IA,62
972,52601,BURLINGTON,Des Moines,IA,29
973,52619,ARGYLE,Lee,IA,56
974,52620,BONAPARTE,Van Buren,IA,89
975,52621,CRAWFORDSVILLE,Washington,IA,92
976,52623,DANVILLE,Des Moines,IA,29
977,52624,DENMARK,Lee,IA,56
978,52625,DONNELLSON,Lee,IA,56
979,52626,FARMINGTON,Van Buren,IA,89
980,52627,FORT MADISON,Lee,IA,56
981,52630,HILLSBORO,Henry,IA,44
982,52631,HOUGHTON,Lee,IA,56
983,52632,KEOKUK,Lee,IA,56
984,52635,LOCKRIDGE,Jefferson,IA,51
985,52637,MEDIAPOLIS,Des Moines,IA,29
986,52638,MIDDLETOWN,Des Moines,IA,29
987,52639,MONTROSE,Lee,IA,56
988,52640,MORNING SUN,Louisa,IA,58
989,52641,MOUNT PLEASANT,Henry,IA,44
990,52642,ROME,Henry,IA,44
991,52644,MOUNT UNION,Henry,IA,44
992,52645,NEW LONDON,Henry,IA,44
993,52646,OAKVILLE,Louisa,IA,58
994,52647,OLDS,Henry,IA,44
995,52648,PILOT GROVE,Lee,IA,56
996,52649,SALEM,Henry,IA,44
997,52650,SPERRY,Des Moines,IA,29
998,52651,STOCKPORT,Van Buren,IA,89
999,52652,SWEDESBURG,Henry,IA,44
1000,52653,WAPELLO,Louisa,IA,58
1001,52654,WAYLAND,Henry,IA,44
1002,52655,WEST BURLINGTON,Des Moines,IA,29
1003,52656,WEST POINT,Lee,IA,56
1004,52657,SAINT PAUL,Lee,IA,56
1005,52658,WEVER,Lee,IA,56
1006,52659,WINFIELD,Henry,IA,44
1007,52660,YARMOUTH,Des Moines,IA,29
1008,52701,ANDOVER,Clinton,IA,23
1009,52720,ATALISSA,Muscatine,IA,70
1010,52721,BENNETT,Cedar,IA,16
1011,52722,BETTENDORF,Scott,IA,82
1012,52726,BLUE GRASS,Scott,IA,82
1013,52727,BRYANT,Clinton,IA,23
1014,52728,BUFFALO,Scott,IA,82
1015,52729,CALAMUS,Clinton,IA,23
1016,52730,CAMANCHE,Clinton,IA,23
1017,52731,CHARLOTTE,Clinton,IA,23
1018,52732,CLINTON,Clinton,IA,23
1019,52733,CLINTON,Clinton,IA,23
1020,52734,CLINTON,Clinton,IA,23
1021,52736,CLINTON,Clinton,IA,23
1022,52737,COLUMBUS CITY,Louisa,IA,58
1023,52738,COLUMBUS JUNCTION,Louisa,IA,58
1024,52739,CONESVILLE,Muscatine,IA,70
1025,52742,DE WITT,Clinton,IA,23
1026,52745,DIXON,Scott,IA,82
1027,52746,DONAHUE,Scott,IA,82
1028,52747,DURANT,Cedar,IA,16
1029,52748,ELDRIDGE,Scott,IA,82
1030,52749,FRUITLAND,Muscatine,IA,70
1031,52750,GOOSE LAKE,Clinton,IA,23
1032,52751,GRAND MOUND,Clinton,IA,23
1033,52752,GRANDVIEW,Louisa,IA,58
1034,52753,LE CLAIRE,Scott,IA,82
1035,52754,LETTS,Muscatine,IA,70
1036,52755,LONE TREE,Johnson,IA,52
1037,52756,LONG GROVE,Scott,IA,82
1038,52757,LOW MOOR,Clinton,IA,23
1039,52758,MC CAUSLAND,Scott,IA,82
1040,52759,MONTPELIER,Muscatine,IA,70
1041,52760,MOSCOW,Muscatine,IA,70
1042,52761,MUSCATINE,Muscatine,IA,70
1043,52765,NEW LIBERTY,Scott,IA,82
1044,52766,NICHOLS,Muscatine,IA,70
1045,52767,PLEASANT VALLEY,Scott,IA,82
1046,52768,PRINCETON,Scott,IA,82
1047,52769,STOCKTON,Muscatine,IA,70
1048,52771,TEEDS GROVE,Clinton,IA,23
1049,52772,TIPTON,Cedar,IA,16
1050,52773,WALCOTT,Scott,IA,82
1051,52774,WELTON,Clinton,IA,23
1052,52776,WEST LIBERTY,Muscatine,IA,70
1053,52777,WHEATLAND,Clinton,IA,23
1054,52778,WILTON,Muscatine,IA,70
1055,52801,DAVENPORT,Scott,IA,82
1056,52802,DAVENPORT,Scott,IA,82
1057,52803,DAVENPORT,Scott,IA,82
1058,52804,DAVENPORT,Scott,IA,82
1059,52805,DAVENPORT,Scott,IA,82
1060,52806,DAVENPORT,Scott,IA,82
1061,52807,DAVENPORT,Scott,IA,82
1062,52808,DAVENPORT,Scott,IA,82
1063,52809,DAVENPORT,Scott,IA,82
